,usb
0,370
1,730
2,10
3,2(1)(c)(i)
4,1510
5,"execution
"
6,840
7,iv
8,740
9,"civil,suit"
10,80
12,1660
16,90
17,recovery
18,800
22,permtinjct
23,340
24,petition
25,184expl(a)
27,188(5)
28,343794110
29,1380
30,3790
39,379/411
42,1810
43,"379,"
44,"356,379,"
45,250
46,"420,120b,468,471"
50,1560
51,3804114570
52,"section,25"
55,3400
57,"356,379,411,34"
58,1381420
59,379411340
60,section99
62,365/412/395
64,20/61/85
65,1350
66,18/29
67,20/21/23/29
69,"20/61/85
"
71,1250
75,exe125
77,"276b,278b,278e"
80,"188,34"
99,suit
101,commercial
102,award
103,5170
104,1070
109,60
113,2780
118,970
119,1360
121,900
123,390
124,cpc
128,1630
129,210
130,"36,order,21"
131,380
138,a
177,170
180,960
187,850
191,1340
192,1310
195,700
204,appeal
207,2760
210,5340000
211,10(1)c
212,12(4)
213,100
214,10(1)(c)
215,10(1)(d)
217,120
223,2a
